{
  "frames": [
    {
      "filename": "70000",
      "d": 0.04,
      "frame": {
        "x": 0,
        "y": 0,
        "w": 720,
        "h": 720
      }
    },
    {
      "filename": "70001",
      "d": 0.04,
      "frame": {
        "x": 720,
        "y": 0,
        "w": 720,
        "h": 720
      }
    },
    {
      "filename": "70002",
      "d": 0.04,
      "frame": {
        "x": 0,
        "y": 720,
        "w": 720,
        "h": 720
      }
    },
    {
      "filename": "70003",
      "d": 0.04,
      "frame": {
        "x": 720,
        "y": 720,
        "w": 720,
        "h": 720
      }
    }
  ],
  "meta": {
    "image": "a7.png",
    "size": {
      "w": 1440,
      "h": 1440
    }
  }
}