﻿{
    "frame": [
        {
            "layer": 0,
            "blendType": 1,
            "blendAlpha": 100,
            "refWidth": 720,
            "refHeight": 1280,
            "pos": "e",
            "displayMode": 2,
            "cycle": 1,
            "fitTotalAnimation": 0,
            "res": [
                {
                    "ratio": "default",
                    "files": "a1.json,a2.json,a3.json,a4.json,a5.json,a6.json,a7.json,a8.json,a9.json,a10.json,a11.json,a12.json,a13.json,a14.json,a15.json,a16.json,a17.json,a18.json,a19.json,a20.json,a21.json,a22.json,a23.json,a24.json,a25.json",
                    "x": 0,
                    "y": 0
                }
            ]
        }
    ],
    "filter": {},
    "anim": "anim.json",
    "sequence": []
}